Unnamed: 0,high_priced,derived_loan_product_type,loan_purpose,reverse_mortgage,loan_amount,loan_to_value_ratio,discount_points,lender_credits,loan_term,prepayment_penalty_term,intro_rate_period,negative_amortization,interest_only_payment,balloon_payment,property_value,income,debt_to_income_ratio,applicant_credit_score_type,co_applicant_credit_score_type,cv_fold
5735357,0,Conventional:Subordinate Lien,1,2,105000,84.76,,,360.0,,1.0,2,1,2,1025000.0,539.0,30%-<36%,8,9,3
4684815,0,Conventional:Subordinate Lien,1,2,105000,80.0,,,360.0,,,2,1,2,705000.0,219.0,20%-<30%,1,9,0
611891,0,Conventional:Subordinate Lien,1,2,65000,79.93,,,300.0,,1.0,2,1,1,355000.0,137.0,20%-<30%,1,10,1
3877131,0,Conventional:Subordinate Lien,1,2,155000,57.94,,,361.0,,1.0,2,2,2,1265000.0,280.0,38,2,10,1
2254158,0,Conventional:Subordinate Lien,1,2,55000,41.42,,,360.0,,1.0,2,2,2,425000.0,132.0,<20%,8,10,3
4419701,1,Conventional:Subordinate Lien,1,2,45000,80.0,,,300.0,36.0,1.0,2,1,2,495000.0,149.0,50%-60%,7,7,3
2670038,0,Conventional:Subordinate Lien,1,2,35000,87.91,,,120.0,12.0,3.0,2,1,1,485000.0,164.0,20%-<30%,3,3,4
4061429,0,Conventional:Subordinate Lien,1,2,355000,79.49,,,360.0,,1.0,2,1,2,975000.0,186.0,42,8,9,0
1189565,0,Conventional:First Lien,1,2,105000,35.44,,,,,2.0,2,2,2,285000.0,46.0,42,3,10,2
1320772,0,Conventional:Subordinate Lien,1,2,135000,89.94,,,300.0,,1.0,2,1,2,1335000.0,228.0,49,2,3,0
1376411,0,Conventional:First Lien,1,2,165000,95.80799999999999,,,180.0,,2.0,2,2,2,165000.0,66.0,30%-<36%,2,10,1
2342053,0,Conventional:First Lien,1,2,215000,77.12,,,120.0,,13.0,2,1,2,275000.0,161.0,<20%,8,9,2
2355636,0,Conventional:First Lien,1,2,215000,28.97,,,180.0,,60.0,2,1,1,725000.0,930.0,<20%,3,3,0
1004338,0,Conventional:First Lien,1,2,185000,80.0,,,360.0,36.0,6.0,2,2,2,235000.0,82.0,49,8,10,0
297349,0,Conventional:Subordinate Lien,1,2,205000,53.76,,,360.0,,6.0,2,1,2,515000.0,139.0,37,2,10,3
5224627,0,Conventional:Subordinate Lien,1,2,165000,80.0,,,361.0,36.0,,2,2,2,1675000.0,303.0,36,4,9,2
5751969,0,Conventional:Subordinate Lien,1,2,275000,70.44,,,360.0,,1.0,2,1,2,1195000.0,381.0,50%-60%,9,8,1
2045576,0,Conventional:First Lien,1,2,75000,80.0,,,120.0,36.0,1.0,2,1,1,95000.0,59.0,30%-<36%,3,10,2
2842212,0,Conventional:Subordinate Lien,1,2,55000,89.85700000000001,,,360.0,36.0,36.0,2,2,2,355000.0,82.0,43,3,10,4
2772039,0,Conventional:Subordinate Lien,1,2,55000,59.958999999999996,,,300.0,,12.0,2,1,2,325000.0,42.0,43,8,10,0
4064900,0,Conventional:Subordinate Lien,1,2,405000,70.29,,,360.0,,1.0,2,1,2,1535000.0,241.0,46,8,10,4
2046821,0,Conventional:Subordinate Lien,1,2,95000,84.29,,,300.0,18.0,12.0,2,1,2,395000.0,160.0,<20%,1,10,3
4061975,1,Conventional:Subordinate Lien,1,2,245000,89.97,,,360.0,,1.0,2,1,2,355000.0,127.0,42,8,9,1
4073563,0,Conventional:Subordinate Lien,1,2,155000,89.94,,,300.0,,1.0,2,1,2,1535000.0,346.0,41,8,10,0
5225537,0,Conventional:Subordinate Lien,1,2,55000,79.8,,,361.0,36.0,,2,2,2,255000.0,102.0,30%-<36%,1,10,4
4067556,0,Conventional:Subordinate Lien,1,2,15000,79.99,,,360.0,,1.0,2,1,2,325000.0,165.0,20%-<30%,8,9,1
2868445,0,Conventional:Subordinate Lien,1,2,55000,84.35,,,360.0,36.0,1.0,2,2,2,725000.0,134.0,30%-<36%,1,10,0
1815088,1,Conventional:Subordinate Lien,1,2,25000,26.5,,,360.0,36.0,1.0,2,2,2,455000.0,88.0,50%-60%,8,9,0
2734291,1,Conventional:Subordinate Lien,1,2,55000,90.0,,,360.0,,,2,2,2,565000.0,333.0,20%-<30%,8,10,4
1839235,1,Conventional:Subordinate Lien,1,2,55000,82.16,,,360.0,36.0,1.0,2,2,2,545000.0,120.0,38,8,10,3
5729292,1,Conventional:Subordinate Lien,1,2,55000,89.99,,,360.0,,1.0,2,1,2,565000.0,185.0,20%-<30%,8,10,4
1516708,0,Conventional:First Lien,1,2,135000,,,,360.0,,3.0,2,2,2,165000.0,36.0,30%-<36%,3,10,3
4867888,0,Conventional:Subordinate Lien,1,2,115000,89.8333,,,360.0,,1.0,2,1,2,1205000.0,219.0,37,2,2,2
4426498,0,Conventional:First Lien,1,2,225000,85.0,,,300.0,,1.0,2,1,2,275000.0,91.0,37,7,10,4
4062375,1,Conventional:Subordinate Lien,1,2,175000,89.99,,,360.0,,1.0,2,1,2,685000.0,250.0,37,8,9,1
3569154,0,Conventional:Subordinate Lien,1,2,1605000,64.57,,,300.0,,1.0,2,1,2,5255000.0,1293.0,30%-<36%,1,9,2
3878229,0,Conventional:Subordinate Lien,1,2,105000,89.8,,,480.0,,,2,2,2,165000.0,215.0,30%-<36%,2,10,4
2271660,0,Conventional:First Lien,1,2,245000,79.0,,,180.0,,,2,1,1,305000.0,172.0,<20%,8,8,3
4867386,0,Conventional:Subordinate Lien,1,2,145000,83.7,,,480.0,,,2,2,2,575000.0,304.0,20%-<30%,2,2,4
5734337,0,Conventional:Subordinate Lien,1,2,85000,80.0,,,360.0,,1.0,2,1,2,675000.0,100.0,42,8,10,2
301940,1,Conventional:Subordinate Lien,1,2,45000,90.0,,,360.0,,1.0,2,1,2,485000.0,121.0,30%-<36%,2,2,3
2864699,0,Conventional:Subordinate Lien,1,2,55000,85.0,,,360.0,36.0,1.0,2,2,2,865000.0,178.0,42,3,10,0
554743,0,Conventional:First Lien,1,2,135000,80.0,,,120.0,,6.0,2,1,1,175000.0,129.0,30%-<36%,3,3,1
4609620,0,Conventional:Subordinate Lien,1,2,25000,8.76,,,240.0,,12.0,2,1,2,275000.0,215.0,30%-<36%,2,10,1
3923206,1,Conventional:Subordinate Lien,1,2,45000,90.0,,,300.0,,1.0,2,1,2,415000.0,269.0,30%-<36%,8,9,0
4065295,1,Conventional:Subordinate Lien,1,2,55000,89.9,,,360.0,,1.0,2,1,2,535000.0,121.0,41,8,10,1
4066680,0,Conventional:Subordinate Lien,1,2,415000,85.0,,,360.0,,1.0,2,1,2,1255000.0,333.0,44,8,9,0
3122626,0,Conventional:Subordinate Lien,1,2,295000,78.68,,,360.0,36.0,1.0,2,2,2,945000.0,152.0,50%-60%,8,10,1
3925494,0,Conventional:Subordinate Lien,1,2,25000,70.339,,,300.0,,12.0,2,1,2,295000.0,89.0,38,8,9,3
2751626,1,Conventional:First Lien,1,2,95000,16.0,,,300.0,36.0,1.0,2,1,2,585000.0,48.0,50%-60%,7,10,1
5728592,1,Conventional:Subordinate Lien,1,2,55000,89.99,,,360.0,,1.0,2,1,2,515000.0,231.0,20%-<30%,8,9,1
5751696,0,Conventional:First Lien,1,2,75000,84.7,,,360.0,,1.0,2,1,2,85000.0,41.0,36,8,10,1
4063560,1,Conventional:Subordinate Lien,1,2,85000,87.59,,,360.0,,1.0,2,1,2,875000.0,285.0,30%-<36%,8,9,1
303387,1,Conventional:Subordinate Lien,1,2,45000,89.97,,,360.0,,1.0,2,1,2,425000.0,297.0,20%-<30%,1,3,4
5733546,0,Conventional:Subordinate Lien,1,2,85000,89.87,,,360.0,,1.0,2,1,2,845000.0,221.0,37,8,10,3
2045534,0,Conventional:First Lien,1,2,115000,76.19,,,120.0,36.0,1.0,2,1,1,145000.0,64.0,<20%,9,3,3
1189297,0,Conventional:Subordinate Lien,1,2,105000,59.905,,,240.0,,3.0,2,1,2,225000.0,92.0,30%-<36%,2,9,0
3745135,0,Conventional:First Lien,1,2,75000,21.74,,,360.0,,1.0,2,2,2,345000.0,48.0,45,7,10,3
5545480,0,Conventional:Subordinate Lien,1,2,335000,78.9,,,444.0,,,2,1,2,915000.0,115.0,50%-60%,2,10,0
5407830,0,FHA:First Lien,1,1,125000,51.9,,,,,,2,2,2,245000.0,35.0,,9,9,1
3556670,0,Conventional:Subordinate Lien,1,2,105000,80.0,,,361.0,36.0,,2,2,2,995000.0,250.0,20%-<30%,1,9,4
1124073,0,FHA:First Lien,1,1111,185000,,,,,,,1111,1111,1111,,57.0,Exempt,1111,1111,3
468462,0,Conventional:Subordinate Lien,1,2,95000,79.95,,,360.0,,1.0,2,1,2,295000.0,168.0,20%-<30%,8,8,2
5267548,0,Conventional:Subordinate Lien,1,2,2435000,55.35,,,360.0,24.0,1.0,2,1,2,7105000.0,76.0,>60%,8,10,3
5729272,1,Conventional:Subordinate Lien,1,2,245000,89.95,,,360.0,,1.0,2,1,2,995000.0,223.0,39,8,9,4
3283007,0,Conventional:First Lien,1,2,175000,23.0,,,300.0,,1.0,2,1,1,765000.0,71.0,42,1,10,3
5236414,0,Conventional:Subordinate Lien,1,2,255000,74.4,,,300.0,,1.0,2,1,2,775000.0,559.0,20%-<30%,1,9,1
4042953,0,Conventional:Subordinate Lien,1,2,55000,90.0,,,240.0,,1.0,2,1,1,525000.0,105.0,42,1,10,0
1788188,0,Conventional:First Lien,1,2,65000,20.0,,,205.0,,,2,2,2,315000.0,151.0,37,8,8,1
1124077,0,FHA:First Lien,1,1111,85000,,,,,,,1111,1111,1111,,41.0,Exempt,1111,1111,1
1674604,0,Conventional:First Lien,1,2,115000,90.0,,,180.0,,,2,1,2,125000.0,113.0,30%-<36%,3,3,1
288860,0,Conventional:Subordinate Lien,1,2,75000,73.251,,,300.0,,,2,2,2,385000.0,99.0,20%-<30%,3,10,4
3200530,0,Conventional:First Lien,1,2,155000,40.7609,,,360.0,,1.0,2,1,2,365000.0,120.0,40,2,10,4
5225709,1,Conventional:Subordinate Lien,1,2,35000,79.87,,,361.0,36.0,,2,2,2,155000.0,45.0,30%-<36%,1,10,1
5731816,1,Conventional:Subordinate Lien,1,2,55000,90.0,,,360.0,,1.0,2,1,2,525000.0,263.0,43,8,9,3
5451731,1,Conventional:Subordinate Lien,1,2,75000,89.9,,,300.0,,2.0,2,1,2,735000.0,118.0,47,3,9,1
2752005,0,Conventional:First Lien,1,2,105000,57.0,,,300.0,36.0,1.0,2,1,2,175000.0,53.0,30%-<36%,7,7,4
1840530,0,Conventional:Subordinate Lien,1,2,755000,75.0,,,360.0,36.0,1.0,2,2,2,2205000.0,394.0,38,8,10,2
4066104,0,Conventional:Subordinate Lien,1,2,55000,89.99,,,360.0,,1.0,2,1,2,545000.0,235.0,38,8,9,1
1079435,0,Conventional:First Lien,1,2,65000,28.64,,,360.0,36.0,6.0,2,2,2,225000.0,70.0,30%-<36%,8,10,1
635739,1,Conventional:Subordinate Lien,1,2,35000,59.51,,,360.0,,1.0,2,1,2,85000.0,70.0,44,3,10,2
849184,0,Conventional:First Lien,1,2,95000,66.2,,,360.0,,,2,2,2,285000.0,76.0,50%-60%,9,1,1
5545178,0,Conventional:First Lien,1,2,425000,67.5,,,444.0,,,2,1,2,635000.0,82.0,50%-60%,2,2,2
1710151,0,Conventional:Subordinate Lien,1,2,75000,89.99,,,360.0,,1.0,2,1,2,745000.0,148.0,30%-<36%,2,10,4
2863086,0,Conventional:Subordinate Lien,1,2,165000,75.0,,,360.0,36.0,1.0,2,1,2,3255000.0,4265.0,20%-<30%,2,9,1
2751677,1,Conventional:Subordinate Lien,1,2,45000,80.0,,,300.0,36.0,1.0,2,1,2,505000.0,80.0,46,7,10,1
4790058,0,Conventional:Subordinate Lien,1,2,505000,52.07,,,360.0,36.0,1.0,2,2,2,1275000.0,152.0,47,9,8,4
1504409,0,Conventional:Subordinate Lien,1,2,105000,72.521,,,300.0,,1.0,2,1,2,365000.0,98.0,40,3,3,2
1212877,0,Conventional:First Lien,1,1111,145000,80.0,9.0,,360.0,,,2,2,2,195000.0,107.0,20%-<30%,3,1,0
1340310,0,Conventional:Subordinate Lien,1,2,285000,95.0,,,360.0,,3.0,2,1,2,845000.0,275.0,20%-<30%,1,9,0
5026664,0,Conventional:Subordinate Lien,1,2,65000,89.98,,,360.0,24.0,,2,1,2,665000.0,270.0,42,1,10,0
4064377,1,Conventional:Subordinate Lien,1,2,85000,89.89,,,360.0,,1.0,2,1,2,565000.0,175.0,30%-<36%,8,9,3
470754,0,Conventional:Subordinate Lien,1,2,215000,89.79,,,360.0,,1.0,2,2,2,1005000.0,237.0,<20%,8,8,3
5734272,0,Conventional:Subordinate Lien,1,2,35000,89.97,,,360.0,,1.0,2,1,2,395000.0,68.0,43,8,10,2
2752354,0,Conventional:First Lien,1,2,405000,80.0,,,300.0,36.0,1.0,2,2,2,505000.0,195.0,50%-60%,7,10,0
3199791,0,Conventional:First Lien,1,2,115000,89.8,,,444.0,,,2,2,2,125000.0,103.0,<20%,2,2,1
5729299,1,Conventional:Subordinate Lien,1,2,55000,82.48,,,360.0,,1.0,2,1,2,615000.0,161.0,36,8,9,4
3107289,0,Conventional:Subordinate Lien,1,2,65000,90.0,,,360.0,,3.0,2,2,2,655000.0,206.0,20%-<30%,3,10,2
470741,0,Conventional:Subordinate Lien,1,2,95000,87.82,,,360.0,,1.0,2,2,2,995000.0,261.0,44,8,8,4
1004766,0,Conventional:Subordinate Lien,1,2,425000,77.589,,,360.0,36.0,12.0,2,2,2,1005000.0,485.0,20%-<30%,8,8,4
2772078,0,Conventional:Subordinate Lien,1,2,205000,59.863,,,300.0,,12.0,2,1,2,545000.0,,30%-<36%,8,8,0
1601460,0,Conventional:First Lien,1,2,305000,40.43,,,360.0,,1.0,2,2,2,745000.0,263.0,20%-<30%,8,8,3
4439512,0,Conventional:First Lien,1,2,205000,75.84899999999999,,,300.0,,12.0,2,1,2,265000.0,91.0,44,8,8,3
2873061,0,Conventional:Subordinate Lien,1,2,95000,84.958,,,240.0,,,2,1,2,235000.0,109.0,30%-<36%,1,1,2
4077391,0,Conventional:First Lien,1,2,55000,33.33,,,300.0,,1.0,2,1,2,155000.0,23.0,49,8,10,1
1251813,0,Conventional:Subordinate Lien,1,2,335000,89.9,,,300.0,,2.0,2,1,2,1125000.0,237.0,49,2,9,3
2763955,0,Conventional:First Lien,1,2,35000,16.4,,,360.0,36.0,,2,2,2,185000.0,,,8,10,0
2260443,0,Conventional:First Lien,1,2,755000,63.42,,,300.0,36.0,12.0,2,1,2,1225000.0,203.0,45,1,1,2
673026,0,Conventional:Subordinate Lien,1,2,75000,77.6,,,120.0,,6.0,2,1,1,305000.0,71.0,41,7,9,2
867940,0,Conventional:Subordinate Lien,1,2,245000,76.13,,,60.0,,1.0,2,1,2,375000.0,57.0,50%-60%,8,8,4
3558308,0,Conventional:Subordinate Lien,1,2,315000,78.63,,,361.0,36.0,,2,2,2,505000.0,133.0,46,1,10,4
1445032,0,Conventional:First Lien,1,2,215000,56.61,,,358.0,,1.0,2,1,2,375000.0,79.0,49,3,10,1
2915692,0,Conventional:First Lien,1,2,245000,59.5,,,360.0,,1.0,2,1,2,425000.0,42.0,>60%,8,8,2
2654338,0,Conventional:First Lien,1,1111,65000,80.0,,,120.0,,,1111,1111,1111,75000.0,96.0,30%-<36%,7,10,0
4419363,0,Conventional:Subordinate Lien,1,2,105000,80.0,,,300.0,36.0,1.0,2,1,2,475000.0,145.0,30%-<36%,7,7,4
2759160,0,Conventional:Subordinate Lien,1,2,55000,76.0,,,300.0,,1.0,2,2,2,245000.0,115.0,30%-<36%,7,10,4
1729304,0,Conventional:First Lien,1,2,385000,77.17,,,240.0,,1.0,2,2,2,495000.0,117.0,44,2,2,1
302002,0,Conventional:Subordinate Lien,1,2,35000,85.0,,,360.0,,12.0,2,1,2,1215000.0,256.0,30%-<36%,2,10,3
611885,0,Conventional:Subordinate Lien,1,2,425000,63.53,,,300.0,,1.0,2,1,1,705000.0,140.0,38,1,10,3
3558622,0,Conventional:Subordinate Lien,1,2,625000,58.77,,,361.0,36.0,,2,2,2,1955000.0,334.0,30%-<36%,9,2,0
1862838,0,Conventional:Subordinate Lien,1,2,25000,89.99,,,300.0,,1.0,2,1,2,185000.0,57.0,20%-<30%,1,10,3
1824831,0,Conventional:Subordinate Lien,1,2,255000,42.82,,,360.0,36.0,1.0,2,2,2,785000.0,125.0,36,8,10,2
4067926,0,Conventional:Subordinate Lien,1,2,85000,89.99,,,360.0,,1.0,2,1,2,805000.0,221.0,44,8,10,3
5728016,0,Conventional:Subordinate Lien,1,2,155000,80.0,,,360.0,,1.0,2,1,2,765000.0,196.0,20%-<30%,8,9,2
4250257,0,Conventional:Subordinate Lien,1,2,25000,89.0,,,240.0,,1.0,2,1,1,235000.0,229.0,<20%,2,9,0
1326409,0,Conventional:Subordinate Lien,1,2,125000,75.42,,,120.0,24.0,12.0,2,1,1,245000.0,98.0,20%-<30%,2,9,1
1998824,0,Conventional:Subordinate Lien,1,2,75000,89.9,,,300.0,36.0,5.0,2,1,2,175000.0,90.0,20%-<30%,1,10,0
5026561,0,Conventional:First Lien,1,2,265000,89.99,,,360.0,24.0,,2,1,2,305000.0,112.0,46,2,9,4
4454195,1,Conventional:Subordinate Lien,1,2,15000,47.88,,,360.0,,1.0,2,2,2,155000.0,48.0,20%-<30%,1,10,4
4064558,1,Conventional:Subordinate Lien,1,2,55000,89.99,,,360.0,,1.0,2,1,2,525000.0,186.0,20%-<30%,8,9,4
1311901,0,Conventional:First Lien,1,2,245000,89.0,,,120.0,,,2,2,2,275000.0,95.0,50%-60%,8,9,1
4451833,0,Conventional:Subordinate Lien,1,2,335000,88.1,,,360.0,,12.0,2,1,2,905000.0,217.0,42,8,9,0
3557428,1,Conventional:Subordinate Lien,1,2,35000,79.18,,,361.0,36.0,,2,2,2,605000.0,244.0,20%-<30%,9,1,4
2251720,0,Conventional:First Lien,1,2,65000,27.09,,,360.0,,1.0,2,2,2,235000.0,45.0,<20%,8,10,4
2934851,0,Conventional:Subordinate Lien,1,2,505000,61.98,,,360.0,,1.0,2,1,2,855000.0,275.0,43,2,9,0
1279267,0,Conventional:First Lien,1,2,165000,50.49,,,264.0,36.0,,2,1,2,325000.0,56.0,40,8,10,2
4500497,0,Conventional:First Lien,1,2,645000,80.0,,,360.0,,1.0,2,2,2,815000.0,226.0,46,3,10,0
4067401,1,Conventional:Subordinate Lien,1,2,55000,89.99,,,360.0,,1.0,2,1,2,565000.0,567.0,<20%,8,9,3
331840,0,Conventional:Subordinate Lien,1,2,65000,41.87,,,361.0,,1.0,2,2,2,475000.0,187.0,20%-<30%,3,9,3
4065685,0,Conventional:Subordinate Lien,1,2,85000,89.99,,,360.0,,1.0,2,1,2,845000.0,611.0,20%-<30%,8,10,0
2734409,1,Conventional:Subordinate Lien,1,2,275000,95.0,,,360.0,,,2,2,2,775000.0,291.0,40,9,8,2
4064704,1,Conventional:Subordinate Lien,1,2,25000,89.99,,,360.0,,1.0,2,1,2,195000.0,82.0,20%-<30%,8,10,2
2736704,0,Conventional:Subordinate Lien,1,2,195000,90.0,,,300.0,36.0,1.0,2,1,2,1315000.0,375.0,20%-<30%,3,10,1
2946790,0,Conventional:Subordinate Lien,1,2,225000,79.07050353,,,300.0,,1.0,2,1,2,855000.0,355.0,20%-<30%,8,10,4
1158532,0,Conventional:First Lien,1,2,305000,58.25,,,300.0,24.0,1.0,2,1,2,515000.0,65.0,46,3,10,2
2254275,0,Conventional:First Lien,1,2,235000,53.09,,,360.0,,1.0,2,2,2,435000.0,64.0,48,8,10,1
2249591,0,Conventional:Subordinate Lien,1,2,55000,53.87,,,360.0,,1.0,2,2,2,125000.0,108.0,20%-<30%,8,8,2
302094,0,Conventional:Subordinate Lien,1,2,55000,90.0,,,360.0,,1.0,2,1,2,595000.0,185.0,36,1,1,3
4797456,0,Conventional:Subordinate Lien,1,2,85000,90.0,,,480.0,,1.0,2,1,2,855000.0,,<20%,1,10,1
5545539,0,Conventional:First Lien,1,2,145000,89.9,,,480.0,,,2,2,2,155000.0,86.0,20%-<30%,2,2,1
5545865,0,Conventional:Subordinate Lien,1,2,85000,86.4,,,480.0,,,2,2,2,405000.0,188.0,20%-<30%,2,10,4
1636269,0,Conventional:Subordinate Lien,1,2,365000,90.0,,,240.0,,1.0,2,1,2,905000.0,330.0,30%-<36%,2,2,3
3878751,1,Conventional:Subordinate Lien,1,2,15000,84.5,,,480.0,,,2,2,2,95000.0,67.0,46,2,10,2
1836742,0,Conventional:Subordinate Lien,1,2,505000,49.74,,,360.0,36.0,1.0,2,2,2,1105000.0,276.0,50%-60%,8,10,2
4250166,0,Conventional:First Lien,1,2,605000,98.4,,,240.0,,1.0,2,1,1,615000.0,301.0,<20%,2,9,0
2764012,0,Conventional:Subordinate Lien,1,2,45000,61.63,,,360.0,36.0,,2,1,2,805000.0,140.0,47,8,10,1
4060629,1,Conventional:Subordinate Lien,1,2,45000,89.69,,,360.0,,1.0,2,1,2,485000.0,89.0,44,8,9,1
4074330,0,Conventional:First Lien,1,2,205000,61.19,,,300.0,,1.0,2,1,2,345000.0,72.0,49,8,10,2
952799,0,Conventional:First Lien,1,2,95000,90.0,,,300.0,,4.0,2,1,2,195000.0,76.0,47,1,3,1
1797051,0,Conventional:First Lien,1,2,155000,76.96,,,360.0,36.0,1.0,2,2,2,195000.0,97.0,<20%,8,9,1
611505,0,Conventional:First Lien,1,2,255000,62.81,,,300.0,,1.0,2,1,1,395000.0,89.0,42,1,1,0
5546088,0,Conventional:Subordinate Lien,1,2,65000,89.9,,,444.0,,,2,1,2,275000.0,96.0,20%-<30%,2,10,3
2946584,0,Conventional:Subordinate Lien,1,2,75000,86.85855263,,,300.0,,1.0,2,1,2,605000.0,410.0,<20%,8,10,1
1454015,0,Conventional:Subordinate Lien,1,2,45000,90.0,,,300.0,,1.0,2,2,2,435000.0,133.0,20%-<30%,1,10,4
5733372,0,Conventional:Subordinate Lien,1,2,125000,80.0,,,360.0,,1.0,2,1,2,725000.0,326.0,20%-<30%,8,9,4
4539712,0,Conventional:Subordinate Lien,1,2,45000,89.837,,,359.0,36.0,60.0,2,1,2,425000.0,141.0,39,1,10,0
5733516,0,Conventional:Subordinate Lien,1,2,185000,89.91,,,360.0,,1.0,2,1,2,715000.0,153.0,42,8,10,1
726064,0,Conventional:First Lien,1,2,65000,80.0,,,120.0,,12.0,2,1,1,75000.0,57.0,20%-<30%,3,10,3
5730000,1,Conventional:Subordinate Lien,1,2,95000,89.99,,,360.0,,1.0,2,1,2,475000.0,138.0,39,8,10,1
1454918,0,Conventional:Subordinate Lien,1,2,95000,90.0,,,300.0,,1.0,2,2,2,915000.0,271.0,20%-<30%,3,3,0
348199,0,Conventional:First Lien,1,2,135000,80.0,,,240.0,,,2,2,2,175000.0,195.0,<20%,3,9,4
5735467,0,Conventional:Subordinate Lien,1,2,25000,89.99,,,360.0,,1.0,2,1,2,155000.0,75.0,20%-<30%,8,10,2
210544,0,Conventional:Subordinate Lien,1,2,85000,79.62,,,300.0,,12.0,2,1,2,345000.0,313.0,<20%,8,10,2
3558556,0,Conventional:Subordinate Lien,1,2,225000,84.84,,,361.0,36.0,,2,2,2,475000.0,199.0,20%-<30%,1,9,3
4067658,0,Conventional:Subordinate Lien,1,2,165000,89.97,,,360.0,,1.0,2,1,2,685000.0,163.0,30%-<36%,8,10,4
1139771,0,Conventional:First Lien,1,2,75000,89.566,,,120.0,,1.0,2,1,1,85000.0,58.0,<20%,1,1,0
5733894,0,Conventional:Subordinate Lien,1,2,315000,89.99,,,360.0,,1.0,2,1,2,1105000.0,342.0,38,8,10,0
1153840,1,Conventional:Subordinate Lien,1,2,95000,89.934,,,180.0,,,2,2,2,935000.0,276.0,30%-<36%,3,1,2
4066325,0,Conventional:Subordinate Lien,1,2,205000,80.0,,,360.0,,1.0,2,1,2,1115000.0,249.0,41,8,10,2
2355668,0,Conventional:First Lien,1,2,435000,65.65,,,180.0,,36.0,2,1,1,655000.0,239.0,30%-<36%,3,3,2
1616858,0,Conventional:First Lien,1,2,85000,79.36,,,180.0,,3.0,2,2,2,105000.0,47.0,20%-<30%,2,9,3
4062598,1,Conventional:Subordinate Lien,1,2,105000,89.9,,,360.0,,1.0,2,1,2,625000.0,264.0,30%-<36%,8,10,3
5728612,1,Conventional:Subordinate Lien,1,2,245000,88.86,,,360.0,,1.0,2,1,2,1035000.0,242.0,44,8,10,4
4874912,1,Conventional:Subordinate Lien,1,2,55000,95.0,,,360.0,,1.0,2,1,2,395000.0,140.0,20%-<30%,7,10,0
5728035,1,Conventional:Subordinate Lien,1,2,145000,89.99,,,360.0,,1.0,2,1,2,665000.0,363.0,30%-<36%,8,9,2
4533438,0,Conventional:Subordinate Lien,1,2,115000,83.11,,,360.0,36.0,1.0,2,2,2,1275000.0,220.0,42,1,9,1
4870729,0,Conventional:Subordinate Lien,1,2,215000,89.9,,,360.0,,1.0,2,1,2,2155000.0,436.0,42,8,8,4
4063849,0,Conventional:Subordinate Lien,1,2,305000,76.39,,,360.0,,1.0,2,1,2,725000.0,228.0,36,8,10,1
1798975,0,Conventional:Subordinate Lien,1,2,55000,79.97,,,360.0,,1.0,2,2,2,285000.0,110.0,30%-<36%,8,10,0
1800998,0,Conventional:First Lien,1,2,405000,43.24,,,360.0,36.0,1.0,2,2,2,925000.0,116.0,42,8,9,2
3355004,0,Conventional:First Lien,1,2,205000,25.64,,,360.0,24.0,,2,1,2,785000.0,118.0,20%-<30%,2,10,2
5732617,1,Conventional:Subordinate Lien,1,2,85000,89.82,,,360.0,,1.0,2,1,2,595000.0,102.0,44,8,10,1
1865656,0,Conventional:Subordinate Lien,1,2,45000,90.0,,,360.0,24.0,6.0,2,1,2,485000.0,274.0,30%-<36%,8,8,1
1189453,0,Conventional:First Lien,1,2,65000,15.17,,,,,2.0,2,2,2,395000.0,214.0,<20%,3,3,4
5733215,0,Conventional:Subordinate Lien,1,2,295000,67.27,,,360.0,,1.0,2,1,2,1105000.0,193.0,39,8,9,2
4060329,1,Conventional:Subordinate Lien,1,2,15000,89.99,,,360.0,,1.0,2,1,2,525000.0,273.0,40,8,10,4
5727825,1,Conventional:Subordinate Lien,1,2,85000,85.0,,,360.0,,1.0,2,1,2,825000.0,168.0,36,8,10,2
4808655,0,Conventional:Subordinate Lien,1,2,45000,79.59,,,180.0,,,2,2,1,195000.0,128.0,20%-<30%,9,2,0
5735571,0,Conventional:Subordinate Lien,1,2,255000,85.0,,,360.0,,1.0,2,1,2,1105000.0,221.0,44,8,9,4
4061735,1,Conventional:Subordinate Lien,1,2,105000,89.99,,,360.0,,1.0,2,1,2,695000.0,294.0,20%-<30%,8,9,4
1212814,0,Conventional:First Lien,1,1111,115000,80.0,,,360.0,,,2,2,2,145000.0,40.0,40,3,10,4
5734127,0,Conventional:Subordinate Lien,1,2,65000,85.94,,,360.0,,1.0,2,1,2,1095000.0,250.0,42,8,9,4
4063434,1,Conventional:Subordinate Lien,1,2,135000,89.9,,,360.0,,1.0,2,1,2,895000.0,311.0,20%-<30%,8,9,4
2832116,0,Conventional:Subordinate Lien,1,2,215000,29.9,,,360.0,,1.0,2,2,2,735000.0,270.0,36,7,9,0
2871784,0,Conventional:Subordinate Lien,1,2,135000,77.818,,,359.0,36.0,24.0,2,1,2,1105000.0,205.0,42,3,10,2
2831386,0,Conventional:First Lien,1,2,645000,80.0,,,360.0,,1.0,2,2,2,805000.0,334.0,30%-<36%,1,9,1
3877977,0,Conventional:First Lien,1,2,275000,79.7,,,480.0,,,2,2,2,345000.0,127.0,37,2,2,2
1124105,0,Conventional:First Lien,1,1111,325000,,,,,,,1111,1111,1111,,88.0,Exempt,1111,1111,0
4043062,0,Conventional:Subordinate Lien,1,2,95000,90.0,,,240.0,,1.0,2,1,1,615000.0,141.0,39,1,2,1
302641,0,Conventional:Subordinate Lien,1,2,85000,75.43,,,360.0,,1.0,2,1,2,405000.0,139.0,30%-<36%,1,1,4
2254170,0,Conventional:First Lien,1,2,355000,85.0,,,360.0,,1.0,2,2,2,425000.0,263.0,20%-<30%,8,8,1
2696747,0,Conventional:Subordinate Lien,1,2,25000,90.0,,,360.0,36.0,1.0,2,1,2,285000.0,144.0,20%-<30%,9,9,3
5710758,0,Conventional:Subordinate Lien,1,2,5000,95.0,,,120.0,,1.0,2,2,1,65000.0,70.0,<20%,3,10,2
5732099,1,Conventional:Subordinate Lien,1,2,415000,85.0,,,360.0,,1.0,2,1,2,1025000.0,589.0,20%-<30%,8,9,2
2772270,0,Conventional:Subordinate Lien,1,2,85000,79.968,,,300.0,,6.0,2,1,2,245000.0,60.0,38,8,10,4
1341001,0,Conventional:Subordinate Lien,1,2,65000,100.0,,,360.0,,3.0,2,1,2,365000.0,118.0,46,1,10,4
4533346,0,Conventional:Subordinate Lien,1,2,105000,89.9,,,360.0,36.0,1.0,2,2,2,985000.0,207.0,30%-<36%,2,9,2
1311918,0,Conventional:First Lien,1,2,105000,26.28,,,360.0,,,2,2,2,385000.0,126.0,<20%,9,8,3
1516601,1,Conventional:Subordinate Lien,1,2,15000,71.87,,,360.0,,60.0,2,2,2,85000.0,90.0,20%-<30%,3,9,0
3878199,0,Conventional:Subordinate Lien,1,2,485000,82.3,,,444.0,,,2,1,2,775000.0,461.0,36,2,2,1
4365155,0,Conventional:Subordinate Lien,1,2,85000,79.94,,,360.0,,,2,1,2,145000.0,138.0,<20%,3,3,4
353674,0,Conventional:First Lien,1,2,125000,97.0,,,360.0,,,2,2,2,125000.0,38.0,36,3,10,2
2670346,0,Conventional:Subordinate Lien,1,2,45000,79.042,,,120.0,12.0,1.0,2,1,1,305000.0,78.0,30%-<36%,3,3,2
4065765,0,Conventional:Subordinate Lien,1,2,335000,79.96,,,360.0,,1.0,2,1,2,985000.0,375.0,40,8,10,3
288541,0,Conventional:Subordinate Lien,1,2,255000,61.685,,,300.0,,,2,2,2,1055000.0,247.0,20%-<30%,3,3,0
2070060,0,Conventional:Subordinate Lien,1,2,25000,74.9,,,240.0,,,2,2,2,325000.0,107.0,30%-<36%,2,10,2
4066878,1,Conventional:Subordinate Lien,1,2,195000,84.85,,,360.0,,1.0,2,1,2,765000.0,128.0,43,8,10,2
719787,0,Conventional:Subordinate Lien,1,2,75000,58.443000000000005,,,240.0,,,2,1,2,345000.0,133.0,30%-<36%,1,9,4
3082220,0,Conventional:Subordinate Lien,1,2,75000,94.62,,,180.0,,,2,2,2,42505000.0,464.0,20%-<30%,2,2,0
5224983,0,Conventional:Subordinate Lien,1,2,55000,70.68,,,361.0,36.0,,2,2,2,325000.0,70.0,30%-<36%,1,9,4
1205054,0,Conventional:Subordinate Lien,1,2,355000,89.84200000000001,,,360.0,,1.0,2,1,2,1065000.0,479.0,37,1,10,0
578715,0,Conventional:Subordinate Lien,1,2,45000,61.1,,,120.0,36.0,12.0,2,2,2,295000.0,55.0,44,8,10,0
5546343,0,Conventional:First Lien,1,2,165000,79.9,,,480.0,,,2,2,2,215000.0,140.0,<20%,2,10,2
3759060,0,Conventional:First Lien,1,2,165000,84.9,,,180.0,12.0,1.0,2,2,1,185000.0,77.0,36,2,9,3
2863553,0,Conventional:Subordinate Lien,1,2,105000,84.97,,,360.0,36.0,1.0,2,2,2,1815000.0,300.0,38,2,9,1
946668,0,Conventional:Subordinate Lien,1,2,65000,80.0,,,300.0,,1.0,2,1,2,275000.0,264.0,<20%,1,1,0
1304473,0,Conventional:Subordinate Lien,1,2,35000,77.91,,,240.0,,1.0,2,1,2,75000.0,72.0,20%-<30%,3,10,4
760383,0,Conventional:Subordinate Lien,1,2,25000,79.926,,,480.0,,1.0,2,2,2,595000.0,129.0,39,1,10,1
4066010,0,Conventional:Subordinate Lien,1,2,15000,89.99,,,360.0,,1.0,2,1,2,125000.0,68.0,39,8,10,2
1328863,0,Conventional:First Lien,1,2,605000,52.17,,,300.0,,1.0,2,1,2,1155000.0,249.0,50%-60%,2,9,3
3877657,0,Conventional:Subordinate Lien,1,2,75000,75.14,,,361.0,,1.0,2,2,2,215000.0,45.0,38,2,10,2
1811911,0,Conventional:First Lien,1,2,305000,30.0,,,360.0,36.0,1.0,2,2,2,1005000.0,108.0,50%-60%,8,9,2
5729283,1,Conventional:Subordinate Lien,1,2,115000,89.99,,,360.0,,1.0,2,1,2,735000.0,212.0,30%-<36%,8,9,2
2752597,0,Conventional:First Lien,1,2,115000,73.0,,,300.0,36.0,1.0,2,1,2,155000.0,66.0,43,7,7,4
1124192,0,Conventional:First Lien,1,1111,195000,,,,,,,1111,1111,1111,,64.0,Exempt,1111,1111,1
4066750,0,Conventional:Subordinate Lien,1,2,155000,89.9,,,360.0,,1.0,2,1,2,675000.0,355.0,<20%,8,10,3
5545175,0,Conventional:First Lien,1,2,105000,71.7,,,444.0,,,2,1,2,135000.0,50.0,38,2,2,1
760393,0,Conventional:First Lien,1,2,305000,75.949,,,480.0,,1.0,2,2,2,395000.0,158.0,44,1,1,1
1107254,0,Conventional:Subordinate Lien,1,2,55000,,,,360.0,36.0,,2,1,2,195000.0,81.0,,8,8,3
4084399,1,Conventional:Subordinate Lien,1,2,55000,84.95,,,360.0,,1.0,2,1,2,185000.0,93.0,30%-<36%,9,8,1
1158418,0,Conventional:Subordinate Lien,1,2,205000,78.69,,,300.0,24.0,1.0,2,1,2,605000.0,148.0,37,3,10,1
3557472,0,Conventional:First Lien,1,2,175000,35.79,,,361.0,36.0,,2,2,2,475000.0,139.0,38,9,1,3
5918089,1,Conventional:First Lien,1,2,395000,75.0,,,36.0,,,2,1,1,525000.0,864.0,<20%,2,10,0
1528190,0,Conventional:Subordinate Lien,1,2,45000,80.0,,,360.0,,12.0,2,2,2,165000.0,,20%-<30%,2,10,2
5267692,0,Conventional:Subordinate Lien,1,2,115000,89.9,,,360.0,24.0,12.0,2,1,2,625000.0,245.0,45,8,9,4
1004244,0,Conventional:Subordinate Lien,1,2,85000,47.565,,,360.0,36.0,6.0,2,2,2,315000.0,88.0,40,8,8,4
4535989,1,Conventional:Subordinate Lien,1,2,75000,89.8,,,360.0,36.0,1.0,2,2,2,765000.0,154.0,40,3,10,0
1119957,0,Conventional:Subordinate Lien,1,2,75000,80.0,,,180.0,,1.0,2,2,2,285000.0,167.0,20%-<30%,9,2,1
470391,0,Conventional:Subordinate Lien,1,2,145000,83.44,,,360.0,,1.0,2,2,2,715000.0,184.0,46,8,8,1
4426625,0,Conventional:First Lien,1,2,155000,65.0,,,300.0,,1.0,2,1,2,235000.0,114.0,<20%,7,7,4
3349118,0,Conventional:First Lien,1,2,405000,74.822,,,300.0,24.0,12.0,2,1,2,6255000.0,161.0,49,8,8,4
4066542,0,Conventional:Subordinate Lien,1,2,435000,85.0,,,360.0,,1.0,2,1,2,755000.0,270.0,44,8,9,4
3011860,0,Conventional:Subordinate Lien,1,2,85000,80.0,,,360.0,,,1,2,1,635000.0,275.0,50%-60%,8,1,1
4454267,0,Conventional:First Lien,1,2,75000,39.55,,,360.0,,1.0,2,2,2,185000.0,73.0,20%-<30%,1,1,0
4451465,0,Conventional:Subordinate Lien,1,2,255000,79.59,,,120.0,,6.0,2,1,1,885000.0,421.0,<20%,8,9,4
2862632,0,Conventional:Subordinate Lien,1,2,195000,89.89,,,360.0,36.0,1.0,2,2,2,1305000.0,329.0,36,2,9,3
5734722,0,Conventional:Subordinate Lien,1,2,75000,89.99,,,360.0,,1.0,2,1,2,755000.0,139.0,38,8,10,3
5413072,0,Conventional:Subordinate Lien,1,2,85000,88.27,,,360.0,,1.0,2,2,2,525000.0,209.0,20%-<30%,7,7,4
1004711,0,Conventional:Subordinate Lien,1,2,145000,90.0,,,360.0,36.0,12.0,2,2,2,455000.0,138.0,38,8,8,3
68136,0,Conventional:Subordinate Lien,1,2,65000,79.49,,,240.0,36.0,6.0,2,1,2,695000.0,127.0,40,1,1,0
611726,0,Conventional:First Lien,1,2,165000,62.5,,,300.0,,1.0,2,1,1,255000.0,116.0,20%-<30%,1,1,4
1835945,0,Conventional:Subordinate Lien,1,2,155000,75.0,,,360.0,36.0,1.0,2,2,2,415000.0,,50%-60%,8,10,1
2256164,0,Conventional:Subordinate Lien,1,2,115000,79.79,,,360.0,,1.0,2,2,2,725000.0,170.0,49,8,10,3
2266811,0,Conventional:First Lien,1,2,55000,66.667,,,300.0,,3.0,2,1,2,75000.0,53.0,20%-<30%,8,8,4
1080606,1,Conventional:Subordinate Lien,1,2,55000,64.762,,,120.0,24.0,,2,1,2,525000.0,113.0,30%-<36%,3,10,0
5224910,0,Conventional:First Lien,1,2,125000,61.86,,,361.0,36.0,,2,2,2,195000.0,88.0,<20%,1,10,0
807679,0,Conventional:First Lien,1,2,265000,65.0,,,120.0,,1.0,2,1,1,415000.0,47.0,30%-<36%,2,2,0
4069303,1,Conventional:Subordinate Lien,1,2,185000,90.0,,,240.0,,,2,2,2,1805000.0,655.0,20%-<30%,8,10,2
1815075,0,Conventional:First Lien,1,2,105000,72.23,,,360.0,36.0,1.0,2,2,2,135000.0,127.0,20%-<30%,8,9,1
1258890,0,Conventional:First Lien,1,2,865000,45.711000000000006,,,300.0,36.0,1.0,2,1,2,1905000.0,158.0,50%-60%,2,2,3
2733982,1,Conventional:Subordinate Lien,1,2,85000,95.0,,,360.0,,,2,2,2,565000.0,282.0,20%-<30%,2,9,3
3228420,0,Conventional:First Lien,1,2,455000,93.75,,,360.0,,6.0,2,1,2,485000.0,65.0,>60%,3,3,1
301798,0,Conventional:First Lien,1,2,255000,59.52,,,361.0,,1.0,2,2,2,425000.0,173.0,20%-<30%,3,10,3
4439626,0,Conventional:First Lien,1,2,325000,32.705999999999996,,,300.0,,6.0,2,1,2,1005000.0,275.0,20%-<30%,8,10,1
4510189,0,Conventional:First Lien,1,2,605000,20.17,,,360.0,36.0,24.0,2,1,2,2975000.0,177.0,44,8,10,2
1062297,0,Conventional:First Lien,1,2,175000,88.5,,,300.0,,12.0,2,1,2,205000.0,90.0,20%-<30%,2,9,4
5730162,1,Conventional:Subordinate Lien,1,2,85000,90.0,,,360.0,,1.0,2,1,2,585000.0,330.0,37,8,9,4
5736697,1,Conventional:Subordinate Lien,1,2,105000,89.92,,,240.0,,,2,2,2,625000.0,339.0,37,8,9,0
1838298,0,Conventional:Subordinate Lien,1,2,105000,81.8,,,360.0,36.0,1.0,2,2,2,305000.0,143.0,37,8,9,2
4454241,0,Conventional:First Lien,1,2,105000,23.57,,,360.0,,1.0,2,2,2,425000.0,80.0,20%-<30%,1,1,1
2784379,0,Conventional:Subordinate Lien,1,2,75000,88.16,,,360.0,,12.0,2,1,2,585000.0,165.0,49,8,10,0
5544667,0,Conventional:First Lien,1,2,205000,50.0,,,361.0,,1.0,2,2,2,405000.0,73.0,38,2,10,3
5714968,1,Conventional:First Lien,1,2,255000,36.2,,,,,6.0,2,1,2,695000.0,71.0,30%-<36%,3,10,3
4064654,1,Conventional:Subordinate Lien,1,2,85000,89.89,,,360.0,,1.0,2,1,2,805000.0,163.0,44,8,10,1
867936,0,Conventional:First Lien,1,2,225000,73.77,,,60.0,,1.0,2,1,2,305000.0,44.0,>60%,8,8,3
2560247,0,Conventional:First Lien,1,1111,165000,,,,,,,1111,1111,1111,,45.0,Exempt,1111,1111,2
554939,1,Conventional:Subordinate Lien,1,2,35000,89.49,,,120.0,,1.0,2,2,1,95000.0,87.0,20%-<30%,3,3,2
5732032,0,Conventional:Subordinate Lien,1,2,115000,80.0,,,360.0,,1.0,2,1,2,995000.0,209.0,41,8,9,0
5732365,0,Conventional:Subordinate Lien,1,2,55000,89.99,,,360.0,,1.0,2,1,2,515000.0,123.0,42,8,9,0
1601431,0,Conventional:First Lien,1,2,135000,31.63,,,360.0,,1.0,2,1,2,415000.0,38.0,50%-60%,8,8,4
3101688,0,Conventional:Subordinate Lien,1,2,55000,80.0,,,120.0,,1.0,2,1,1,625000.0,310.0,<20%,4,4,4
4401864,0,Conventional:Subordinate Lien,1,2,255000,75.0,,,360.0,,,2,2,2,955000.0,258.0,46,9,2,2
2835316,0,Conventional:First Lien,1,2,1055000,80.0,,,360.0,,1.0,2,2,2,1315000.0,340.0,42,2,9,4
2455253,0,Conventional:First Lien,1,2,85000,100.0,,,120.0,,,2,1,1,85000.0,82.0,30%-<36%,2,1,2
3557735,0,Conventional:First Lien,1,2,145000,77.84,,,361.0,36.0,,2,2,2,185000.0,99.0,20%-<30%,1,10,0
5225902,0,Conventional:Subordinate Lien,1,2,105000,51.49,,,361.0,36.0,,2,2,2,435000.0,154.0,38,1,10,0
5393873,0,Conventional:Subordinate Lien,1,2,65000,95.05,,,360.0,,3.0,2,2,2,225000.0,75.0,20%-<30%,9,9,1
3203311,0,Conventional:First Lien,1,2,205000,80.0,,,360.0,,1.0,2,1,2,265000.0,88.0,47,8,8,4
1226402,0,Conventional:Subordinate Lien,1,2,405000,84.93,,,300.0,,1.0,2,1,1,1125000.0,472.0,20%-<30%,1,1,3
301917,1,Conventional:Subordinate Lien,1,2,15000,89.42,,,360.0,,1.0,2,1,2,195000.0,112.0,36,2,1,4
4062612,1,Conventional:Subordinate Lien,1,2,55000,89.99,,,360.0,,1.0,2,1,2,545000.0,212.0,38,8,9,4
2733949,1,Conventional:Subordinate Lien,1,2,125000,90.0,,,360.0,,1.0,2,2,2,805000.0,205.0,30%-<36%,1,9,1
3599862,0,Conventional:First Lien,1,2,35000,42.86,,,360.0,24.0,6.0,2,1,2,75000.0,46.0,38,6,10,1
5459880,0,Conventional:First Lien,1,2,345000,80.0,,,300.0,,1.0,2,1,2,425000.0,77.0,45,9,9,0
5732749,1,Conventional:Subordinate Lien,1,2,195000,90.0,,,360.0,,1.0,2,1,2,715000.0,234.0,30%-<36%,8,9,3
3877710,0,Conventional:Subordinate Lien,1,2,505000,41.23,,,361.0,,1.0,2,2,2,1225000.0,866.0,<20%,3,10,4
2759174,0,Conventional:Subordinate Lien,1,2,275000,75.0,,,300.0,,1.0,2,1,2,635000.0,84.0,>60%,7,10,2
4867378,0,Conventional:Subordinate Lien,1,2,765000,70.0,,,444.0,,,2,1,2,1195000.0,393.0,50%-60%,2,2,3
4063553,0,Conventional:Subordinate Lien,1,2,55000,89.98,,,360.0,,1.0,2,1,2,525000.0,130.0,43,8,10,0
5729696,1,Conventional:Subordinate Lien,1,2,105000,83.39,,,360.0,,1.0,2,1,2,935000.0,356.0,20%-<30%,8,9,4
1004640,0,Conventional:First Lien,1,2,95000,27.428,,,360.0,36.0,12.0,2,2,2,355000.0,46.0,49,8,8,4
4867516,0,Conventional:Subordinate Lien,1,2,105000,69.6,,,480.0,,,2,2,2,525000.0,274.0,<20%,2,2,4
5803270,0,Conventional:Subordinate Lien,1,2,85000,89.2,,,360.0,36.0,,2,2,2,855000.0,133.0,49,3,10,4
5752152,1,Conventional:Subordinate Lien,1,2,25000,89.64,,,360.0,,1.0,2,1,2,285000.0,120.0,46,9,8,4
4365135,0,Conventional:Subordinate Lien,1,2,55000,84.58,,,360.0,,3.0,2,1,2,215000.0,,30%-<36%,3,10,0
2654207,0,Conventional:First Lien,1,1111,75000,80.0,,,360.0,,,1111,1111,1111,95000.0,58.0,<20%,7,10,3
4613653,0,Conventional:Subordinate Lien,1,2,75000,85.0,,,300.0,,1.0,2,1,2,625000.0,410.0,<20%,8,9,1
5545973,0,Conventional:Subordinate Lien,1,2,55000,89.9,,,444.0,,,2,1,2,285000.0,154.0,20%-<30%,2,10,4
5730975,0,Conventional:Subordinate Lien,1,2,265000,80.0,,,360.0,,1.0,2,1,2,1175000.0,465.0,36,8,9,4
1601680,0,Conventional:First Lien,1,2,25000,16.89,,,360.0,,1.0,2,1,2,145000.0,73.0,<20%,8,8,4
5727890,1,Conventional:Subordinate Lien,1,2,355000,89.33,,,360.0,,1.0,2,1,2,895000.0,291.0,39,8,9,4
4068180,1,Conventional:Subordinate Lien,1,2,45000,87.7,,,360.0,,1.0,2,1,2,565000.0,126.0,38,8,9,1
5733520,0,Conventional:Subordinate Lien,1,2,55000,89.99,,,360.0,,1.0,2,1,2,545000.0,235.0,38,8,9,3
3200164,0,Conventional:Subordinate Lien,1,2,175000,70.3,,,480.0,,,2,2,2,325000.0,30.0,20%-<30%,2,10,0
4060381,1,Conventional:Subordinate Lien,1,2,195000,89.62,,,360.0,,1.0,2,1,2,1305000.0,491.0,42,8,9,4
5694114,0,Conventional:Subordinate Lien,1,2,15000,94.79,,,120.0,,1.0,2,1,1,135000.0,79.0,30%-<36%,3,3,4
2737218,0,Conventional:Subordinate Lien,1,2,85000,90.0,,,300.0,36.0,1.0,2,1,2,835000.0,182.0,30%-<36%,9,1,1
4791071,0,Conventional:First Lien,1,2,85000,90.0,,,480.0,,1.0,2,2,2,95000.0,91.0,36,1,10,4
5735199,0,Conventional:Subordinate Lien,1,2,255000,61.11,,,360.0,,1.0,2,1,2,905000.0,133.0,40,8,10,2
2946369,0,Conventional:Subordinate Lien,1,2,75000,89.98290598,,,300.0,,1.0,2,1,2,585000.0,238.0,30%-<36%,8,10,1
5730681,1,Conventional:Subordinate Lien,1,2,125000,85.0,,,360.0,,1.0,2,1,2,955000.0,225.0,30%-<36%,8,10,3
2325265,0,Conventional:First Lien,1,2,85000,41.75,,,180.0,24.0,1.0,2,1,2,215000.0,56.0,39,8,8,1
5236392,0,Conventional:Subordinate Lien,1,2,975000,60.0,,,300.0,,1.0,2,1,2,2865000.0,1620.0,<20%,1,9,0
2864164,0,Conventional:Subordinate Lien,1,2,185000,89.48,,,360.0,36.0,1.0,2,2,2,1895000.0,350.0,42,1,10,0
5740986,0,Conventional:First Lien,1,2,205000,55.3,,,300.0,,1.0,2,1,2,375000.0,37.0,49,8,8,1
5734473,0,Conventional:Subordinate Lien,1,2,95000,80.0,,,360.0,,1.0,2,1,2,945000.0,177.0,42,8,9,4
4062330,1,Conventional:Subordinate Lien,1,2,185000,89.99,,,360.0,,1.0,2,1,2,715000.0,458.0,42,8,10,4
5454822,0,Conventional:Subordinate Lien,1,2,205000,80.0,,,300.0,,2.0,2,1,2,1095000.0,148.0,45,3,9,1
1812349,0,Conventional:Subordinate Lien,1,2,155000,28.24,,,360.0,36.0,1.0,2,2,2,955000.0,180.0,49,8,10,3
297227,0,Conventional:Subordinate Lien,1,2,245000,89.98,,,360.0,,6.0,2,1,2,295000.0,403.0,<20%,3,3,1
1080638,1,Conventional:Subordinate Lien,1,2,55000,90.476,,,120.0,,,2,1,2,525000.0,122.0,40,3,3,4
4533084,0,Conventional:Subordinate Lien,1,2,55000,80.0,,,360.0,36.0,1.0,2,2,2,1045000.0,238.0,37,1,10,2
5728001,1,Conventional:Subordinate Lien,1,2,265000,80.0,,,360.0,,1.0,2,1,2,825000.0,766.0,<20%,8,9,4
5267601,0,Conventional:First Lien,1,2,35000,89.66,,,360.0,24.0,1.0,2,1,2,35000.0,35.0,50%-60%,8,9,0
5917941,0,Conventional:Subordinate Lien,1,2,75000,80.0,,,240.0,,1.0,2,1,1,665000.0,186.0,37,2,10,4
5731076,1,Conventional:Subordinate Lien,1,2,115000,89.68,,,360.0,,1.0,2,1,2,1165000.0,231.0,44,8,10,0
2871990,0,Conventional:Subordinate Lien,1,2,165000,89.385,,,359.0,36.0,24.0,2,1,2,1305000.0,254.0,30%-<36%,1,10,4
4084512,0,Conventional:First Lien,1,2,125000,18.46,,,360.0,,1.0,2,1,2,655000.0,152.0,<20%,9,8,1
5730998,1,Conventional:Subordinate Lien,1,2,195000,89.99,,,360.0,,1.0,2,1,2,725000.0,286.0,42,8,9,0
1273341,0,FHA:First Lien,1,1,325000,,,,,,13.0,2,2,2,735000.0,49.0,,9,10,2
3569208,0,Conventional:Subordinate Lien,1,2,2005000,53.1,,,300.0,,1.0,2,1,2,10505000.0,,,9,9,3
3145008,0,Conventional:First Lien,1,2,185000,80.0,,,120.0,,1.0,2,1,1,225000.0,42.0,40,1,10,1
4534454,0,Conventional:Subordinate Lien,1,2,115000,89.9,,,360.0,36.0,1.0,2,2,2,1205000.0,219.0,41,3,10,3
2752366,0,Conventional:First Lien,1,2,195000,60.0,,,300.0,36.0,1.0,2,1,2,325000.0,53.0,>60%,7,7,2
1785068,1,Conventional:Subordinate Lien,1,2,425000,60.0,,,360.0,,1.0,2,1,2,735000.0,,,9,9,1
1528212,0,Conventional:First Lien,1,2,95000,80.0,,,360.0,,60.0,2,2,2,115000.0,67.0,30%-<36%,9,2,2
1326499,0,Conventional:Subordinate Lien,1,2,75000,80.0,,,120.0,24.0,12.0,2,1,1,665000.0,184.0,30%-<36%,1,9,1
4413917,0,Conventional:Subordinate Lien,1,2,125000,80.0,,,300.0,36.0,1.0,2,1,2,1015000.0,555.0,36,1,9,3
5733371,0,Conventional:Subordinate Lien,1,2,445000,84.77,,,360.0,,1.0,2,1,2,1325000.0,325.0,36,8,10,0
4063921,1,Conventional:Subordinate Lien,1,2,125000,86.08,,,360.0,,1.0,2,1,2,905000.0,187.0,42,8,10,4
470767,0,Conventional:Subordinate Lien,1,2,75000,93.59,,,360.0,,1.0,2,2,2,535000.0,131.0,39,1,10,2
5732582,1,Conventional:Subordinate Lien,1,2,65000,89.98,,,360.0,,1.0,2,1,2,575000.0,204.0,42,8,9,3
5733156,0,Conventional:Subordinate Lien,1,2,45000,85.0,,,360.0,,1.0,2,1,2,845000.0,276.0,30%-<36%,8,10,3
830025,0,Conventional:Subordinate Lien,1,2,75000,76.42,,,300.0,,1.0,2,1,2,615000.0,245.0,41,3,2,3
4809422,0,Conventional:Subordinate Lien,1,2,75000,86.18,,,180.0,,,2,2,1,115000.0,28.0,50%-60%,2,10,1
4867859,0,Conventional:Subordinate Lien,1,2,85000,89.9,,,360.0,,1.0,2,1,2,815000.0,,20%-<30%,2,2,0
1271999,0,Conventional:Subordinate Lien,1,2,65000,89.99,,,240.0,,1.0,2,2,2,645000.0,194.0,30%-<36%,3,1,3
4401107,1,Conventional:Subordinate Lien,1,2,45000,85.0,,,360.0,,,2,2,2,475000.0,218.0,43,2,9,1
5544895,0,Conventional:First Lien,1,2,365000,80.0,,,361.0,,1.0,2,2,2,455000.0,175.0,30%-<36%,2,9,1
4084388,0,Conventional:Subordinate Lien,1,2,35000,84.87,,,360.0,,1.0,2,1,2,215000.0,95.0,30%-<36%,9,8,4
2250707,0,Conventional:First Lien,1,2,105000,54.05,,,360.0,,1.0,2,2,2,185000.0,50.0,20%-<30%,8,8,3
5237757,1,Conventional:First Lien,1,2,215000,59.8,,,300.0,24.0,1.0,2,1,1,355000.0,363.0,<20%,3,9,1
5453331,1,Conventional:Subordinate Lien,1,2,155000,89.816,,,300.0,,2.0,2,1,2,925000.0,352.0,42,2,9,1
1830687,0,Conventional:Subordinate Lien,1,2,105000,23.63,,,360.0,36.0,1.0,2,2,2,565000.0,88.0,48,8,9,2
2734356,1,Conventional:Subordinate Lien,1,2,15000,89.91,,,360.0,,,2,2,2,115000.0,84.0,30%-<36%,8,10,2
2734120,0,Conventional:Subordinate Lien,1,2,35000,90.0,,,360.0,,,2,2,2,285000.0,281.0,30%-<36%,8,10,1
1845155,0,Conventional:First Lien,1,2,65000,66.67,,,360.0,36.0,1.0,2,2,2,95000.0,23.0,49,8,9,0
1189268,0,Conventional:Subordinate Lien,1,2,125000,60.52,,,240.0,,3.0,2,1,2,255000.0,196.0,20%-<30%,9,2,2
1799789,1,Conventional:First Lien,1,2,25000,9.93,,,360.0,36.0,1.0,2,2,2,255000.0,22.0,45,8,10,4
288289,0,Conventional:Subordinate Lien,1,2,155000,70.0,,,300.0,,,2,2,2,575000.0,185.0,30%-<36%,3,3,3
297125,0,Conventional:Subordinate Lien,1,2,95000,79.93,,,360.0,,6.0,2,1,2,275000.0,,<20%,1,10,4
1601627,0,Conventional:Subordinate Lien,1,2,255000,48.05,,,360.0,,1.0,2,2,2,1175000.0,500.0,<20%,8,8,3
3101661,0,Conventional:Subordinate Lien,1,2,105000,89.88,,,120.0,,1.0,2,1,1,625000.0,286.0,20%-<30%,4,4,1
4067456,0,Conventional:Subordinate Lien,1,2,135000,89.91,,,360.0,,1.0,2,1,2,905000.0,194.0,44,8,9,2
749936,1,Conventional:Subordinate Lien,1,2,85000,90.0,,,360.0,,,2,2,2,575000.0,340.0,30%-<36%,1,10,0
1340127,0,Conventional:Subordinate Lien,1,2,75000,95.0,,,360.0,,3.0,2,1,2,485000.0,189.0,37,1,9,1
5545161,0,Conventional:First Lien,1,2,305000,40.3,,,444.0,,,2,1,2,745000.0,270.0,48,2,2,2
4063982,1,Conventional:Subordinate Lien,1,2,135000,89.99,,,360.0,,1.0,2,1,2,645000.0,136.0,40,8,10,2
4065297,1,Conventional:Subordinate Lien,1,2,45000,89.89,,,360.0,,1.0,2,1,2,475000.0,387.0,30%-<36%,8,9,3
553714,1,Conventional:Subordinate Lien,1,2,105000,87.72,,,120.0,,1.0,2,2,1,505000.0,175.0,36,3,3,2
894736,0,FHA:First Lien,1,1,135000,,,,,,12.0,2,2,2,265000.0,32.0,,9,9,2
5728859,1,Conventional:Subordinate Lien,1,2,75000,89.99,,,360.0,,1.0,2,1,2,585000.0,211.0,37,8,9,1
4530992,1,Conventional:Subordinate Lien,1,2,85000,89.9,,,360.0,36.0,1.0,2,2,2,865000.0,169.0,41,1,9,2
611606,0,Conventional:First Lien,1,2,155000,77.5,,,300.0,,1.0,2,1,1,205000.0,91.0,20%-<30%,1,1,4
3074911,0,Conventional:First Lien,1,2,255000,31.0,,,420.0,,1.0,2,1,2,805000.0,65.0,30%-<36%,8,10,3
3729102,1,Conventional:Subordinate Lien,1,2,215000,81.0,,,120.0,36.0,1.0,2,1,2,615000.0,173.0,30%-<36%,1,10,0
1307958,0,Conventional:Subordinate Lien,1,2,85000,51.99,,,240.0,,3.0,2,1,2,305000.0,174.0,20%-<30%,1,1,0
1311913,0,Conventional:Subordinate Lien,1,2,25000,53.7,,,360.0,,,2,2,2,155000.0,84.0,<20%,8,10,2
4613865,0,Conventional:Subordinate Lien,1,2,65000,89.98956340000001,,,300.0,,1.0,2,1,2,575000.0,124.0,41,8,9,3
3361916,0,Conventional:Subordinate Lien,1,2,215000,51.07,,,360.0,24.0,,2,1,2,515000.0,252.0,39,2,9,1
4509628,0,Conventional:Subordinate Lien,1,2,55000,89.85700000000001,,,360.0,36.0,36.0,2,2,2,355000.0,82.0,43,3,10,4
5544513,0,Conventional:Subordinate Lien,1,2,135000,51.22,,,361.0,,1.0,2,2,2,775000.0,142.0,42,2,10,3
3557483,0,Conventional:First Lien,1,2,305000,80.0,,,361.0,36.0,,2,2,2,375000.0,149.0,20%-<30%,1,9,3
1620281,0,Conventional:Subordinate Lien,1,2,215000,75.0,,,60.0,,1.0,2,1,1,295000.0,116.0,20%-<30%,1,9,1
1062553,0,Conventional:Subordinate Lien,1,2,135000,89.88,,,60.0,,1.0,2,1,1,315000.0,181.0,30%-<36%,8,8,0
2783742,0,Conventional:Subordinate Lien,1,2,125000,80.0,,,120.0,,6.0,2,1,1,725000.0,167.0,44,8,10,0
296921,0,Conventional:First Lien,1,2,235000,95.0,,,360.0,,,2,2,2,245000.0,58.0,42,3,10,1
2863581,0,Conventional:Subordinate Lien,1,2,115000,89.88,,,360.0,36.0,1.0,2,2,2,1205000.0,234.0,36,3,9,2
4534974,0,Conventional:Subordinate Lien,1,2,65000,84.95,,,360.0,36.0,1.0,2,2,2,1215000.0,231.0,44,3,10,4
3557208,0,Conventional:Subordinate Lien,1,2,45000,66.47,,,361.0,36.0,,2,2,2,215000.0,64.0,43,1,10,0
4064016,0,Conventional:Subordinate Lien,1,2,205000,69.45,,,360.0,,1.0,2,1,2,715000.0,158.0,47,8,9,2
4887089,1,Conventional:Subordinate Lien,1,2,75000,95.0,,,360.0,,1.0,2,1,2,515000.0,193.0,20%-<30%,7,9,3
5236607,0,Conventional:Subordinate Lien,1,2,1375000,70.0,,,36.0,,1.0,2,1,1,13755000.0,4404.0,40,2,9,0
119096,0,Conventional:Subordinate Lien,1,2,75000,89.99,,,360.0,,1.0,2,2,2,585000.0,226.0,30%-<36%,9,1,3
1339851,0,Conventional:Subordinate Lien,1,2,135000,80.0,,,360.0,,3.0,2,1,2,545000.0,510.0,<20%,1,9,2
1340530,0,Conventional:Subordinate Lien,1,2,115000,95.0,,,360.0,,3.0,2,1,2,745000.0,280.0,20%-<30%,1,9,1
3599958,0,Conventional:First Lien,1,2,85000,38.64,,,360.0,24.0,6.0,2,1,2,225000.0,40.0,20%-<30%,6,9,3
4501838,1,Conventional:Subordinate Lien,1,2,25000,7.14,,,360.0,,1.0,2,2,2,355000.0,35.0,46,1,10,0
4742364,0,Conventional:Subordinate Lien,1,2,325000,80.0,,,420.0,,1.0,2,1,2,575000.0,548.0,20%-<30%,8,10,3
1104891,0,Conventional:First Lien,1,2,35000,80.0,,,360.0,,1.0,2,1,2,45000.0,60.0,39,8,8,3
1139433,0,Conventional:Subordinate Lien,1,2,225000,87.43700000000001,,,120.0,,12.0,2,1,1,475000.0,145.0,37,1,10,0
